Index,Number
1,553
2,676
3,1
4,425
5,532
6,282
7,386
8,907
9,299
10,46
11,554
12,956
13,431
14,967
15,333
16,929
17,980
18,772
19,83
20,65
21,342
22,937
23,618
24,906
25,400
26,639
27,623
28,778
29,106
30,717
31,187
32,668
33,52
34,51
35,505
36,573
37,659
38,540
39,108
40,706
41,726
42,692
43,517
44,994
45,821
46,679
47,974
48,326
49,833
50,127
51,113
52,514
53,463
54,225
55,110
56,551
57,993
58,580
59,755
60,411
61,218
62,940
63,617
64,806
65,996
66,814
67,64
68,363
69,721
70,244
71,598
72,308
73,812
74,950
75,45
76,462
77,267
78,640
79,576
80,54
81,39
82,522
83,173
84,443
85,200
86,707
87,949
88,143
89,688
90,319
91,169
92,426
93,155
94,538
95,935
96,558
97,445
98,587
99,518
100,293
101,375
102,977
103,161
104,144
105,487
106,835
107,595
108,716
109,413
110,451
111,579
112,546
113,76
114,1000
115,539
116,420
117,6
118,432
119,364
120,381
121,560
122,412
123,549
124,371
125,976
126,428
127,358
128,97
129,876
130,550
131,343
132,141
133,366
134,820
135,901
136,360
137,652
138,710
139,245
140,780
141,641
142,998
143,732
144,249
145,839
146,341
147,165
148,844
149,69
150,939
151,305
152,272
153,683
154,748
155,661
156,510
157,252
158,123
159,893
160,276
161,633
162,440
163,832
164,666
165,962
166,98
167,715
168,926
169,594
170,919
171,490
172,923
173,548
174,723
175,469
176,391
177,948
178,978
179,756
180,407
181,581
182,848
183,303
184,674
185,379
186,849
187,746
188,951
189,653
190,292
191,561
192,465
193,637
194,708
195,869
196,22
197,697
198,331
199,374
200,512
201,970
202,370
203,859
204,61
205,265
206,933
207,928
208,582
209,853
210,494
211,738
212,507
213,774
214,975
215,408
216,667
217,830
218,528
219,435
220,543
221,651
222,258
223,525
224,264
225,84
226,117
227,104
228,521
229,526
230,727
231,213
232,855
233,239
234,658
235,373
236,871
237,109
238,30
239,80
240,320
241,483
242,997
243,920
244,418
245,757
246,608
247,250
248,643
249,93
250,614
251,146
252,377
253,273
254,179
255,27
256,378
257,455
258,488
259,687
260,5
261,210
262,916
263,822
264,361
265,794
266,96
267,453
268,72
269,495
270,221
271,298
272,670
273,621
274,77
275,423
276,198
277,878
278,513
279,570
280,172
281,253
282,904
283,10
284,315
285,809
286,932
287,953
288,892
289,334
290,270
291,467
292,277
293,959
294,825
295,971
296,600
297,228
298,464
299,736
300,567
301,911
302,32
303,330
304,129
305,941
306,607
307,918
308,613
309,482
310,8
311,969
312,28
313,183
314,404
315,597
316,294
317,734
318,829
319,236
320,300
321,291
322,866
323,112
324,990
325,48
326,807
327,506
328,26
329,803
330,761
331,589
332,751
333,520
334,896
335,401
336,232
337,102
338,555
339,575
340,574
341,71
342,909
343,12
344,170
345,474
346,921
347,388
348,635
349,874
350,914
351,565
352,192
353,625
354,801
355,332
356,384
357,671
358,107
359,605
360,719
361,278
362,472
363,125
364,427
365,189
366,843
367,337
368,36
369,35
370,735
371,497
372,566
373,280
374,816
375,797
376,836
377,837
378,338
379,524
380,226
381,790
382,856
383,511
384,167
385,149
386,14
387,648
388,82
389,231
390,992
391,599
392,578
393,758
394,650
395,813
396,563
397,572
398,945
399,385
400,128
401,195
402,174
403,227
404,828
405,875
406,313
407,421
408,316
409,702
410,627
411,92
412,947
413,557
414,47
415,279
416,559
417,152
418,409
419,207
420,133
421,504
422,611
423,955
424,882
425,216
426,68
427,764
428,684
429,62
430,325
431,740
432,335
433,295
434,88
435,235
436,913
437,786
438,461
439,515
440,840
441,38
442,698
443,138
444,184
445,872
446,310
447,126
448,3
449,728
450,473
451,297
452,802
453,40
454,485
455,999
456,585
457,747
458,103
459,712
460,873
461,111
462,624
463,191
464,205
465,399
466,714
467,954
468,610
469,392
470,850
471,931
472,209
473,531
474,372
475,860
476,456
477,57
478,194
479,148
480,694
481,541
482,19
483,466
484,145
485,681
486,888
487,285
488,197
489,819
490,489
491,150
492,389
493,765
494,260
495,302
496,78
497,889
498,592
499,481
500,636
501,857
502,312
503,318
504,261
505,815
506,430
507,105
508,770
509,750
510,186
511,79
512,760
513,214
514,632
515,602
516,729
517,94
518,243
519,779
520,139
521,767
522,775
523,323
524,257
525,870
526,168
527,346
528,224
529,321
530,568
531,446
532,709
533,351
534,153
535,457
536,810
537,693
538,415
539,199
540,695
541,448
542,348
543,776
544,262
545,612
546,181
547,842
548,724
549,985
550,831
551,259
552,287
553,886
554,247
555,135
556,934
557,317
558,733
559,903
560,452
561,838
562,867
563,818
564,449
565,394
566,678
567,862
568,157
569,180
570,771
571,824
572,414
573,479
574,177
575,879
576,854
577,437
578,142
579,17
580,86
581,593
582,530
583,327
584,744
585,328
586,460
587,645
588,663
589,284
590,151
591,890
592,930
593,596
594,537
595,720
596,365
597,41
598,972
599,345
600,220
601,56
602,865
603,777
604,73
605,289
606,176
607,304
608,376
609,222
610,281
611,957
612,711
613,690
614,118
615,357
616,119
617,784
618,739
619,556
620,630
621,130
622,961
623,509
624,271
625,638
626,124
627,340
628,629
629,902
630,120
631,626
632,571
633,43
634,336
635,458
636,424
637,24
638,759
639,215
640,672
641,116
642,147
643,491
644,845
645,647
646,296
647,915
648,742
649,654
650,677
651,496
652,841
653,429
654,387
655,673
656,900
657,503
658,237
659,936
660,85
661,344
662,99
663,55
664,156
665,894
666,662
667,883
668,542
669,202
670,763
671,741
672,44
673,131
674,737
675,20
676,986
677,499
678,963
679,290
680,995
681,988
682,987
683,382
684,628
685,946
686,851
687,311
688,569
689,533
690,700
691,204
692,275
693,925
694,966
695,241
696,350
697,114
698,67
699,743
700,649
701,508
702,669
703,90
704,952
705,283
706,459
707,584
708,586
709,16
710,609
711,380
712,699
713,11
714,536
715,454
716,984
717,219
718,885
719,203
720,256
721,398
722,339
723,393
724,178
725,478
726,852
727,769
728,166
729,347
730,773
731,846
732,154
733,309
734,905
735,9
736,470
737,944
738,230
739,81
740,352
741,422
742,745
743,501
744,441
745,444
746,991
747,359
748,159
749,59
750,564
751,132
752,898
753,23
754,657
755,89
756,590
757,248
758,682
759,484
760,895
761,686
762,21
763,880
764,447
765,471
766,577
767,136
768,795
769,766
770,891
771,703
772,383
773,792
774,354
775,301
776,908
777,731
778,196
779,789
780,74
781,884
782,877
783,753
784,193
785,355
786,781
787,7
788,805
789,101
790,917
791,33
792,768
793,527
794,552
795,616
796,475
797,622
798,66
799,15
800,562
801,402
802,964
803,601
804,137
805,492
806,368
807,979
808,634
809,827
810,403
811,927
812,516
813,233
814,269
815,691
816,134
817,983
818,395
819,322
820,718
821,502
822,588
823,208
824,29
825,799
826,314
827,981
828,217
829,965
830,91
831,863
832,826
833,158
834,689
835,675
836,369
837,223
838,696
839,899
840,730
841,644
842,847
843,306
844,49
845,476
846,788
847,70
848,811
849,942
850,163
851,912
852,535
853,749
854,160
855,868
856,201
857,171
858,419
859,58
860,864
861,656
862,713
863,534
864,968
865,324
866,722
867,100
868,4
869,798
870,206
871,783
872,405
873,982
874,881
875,329
876,416
877,121
878,175
879,591
880,406
881,631
882,367
883,519
884,808
885,973
886,434
887,620
888,417
889,823
890,606
891,122
892,37
893,211
894,190
895,42
896,791
897,63
898,31
899,60
900,254
901,619
902,162
903,75
904,754
905,396
906,498
907,188
908,547
909,307
910,583
911,53
912,50
913,752
914,140
915,266
916,834
917,450
918,897
919,817
920,356
921,787
922,263
923,545
924,212
925,286
926,25
927,246
928,18
929,544
930,922
931,804
932,468
933,251
934,646
935,255
936,486
937,288
938,938
939,642
940,13
941,234
942,242
943,604
944,349
945,943
946,2
947,660
948,397
949,665
950,685
951,433
952,274
953,603
954,353
955,793
956,704
957,523
958,229
959,438
960,655
961,34
962,924
963,362
964,164
965,240
966,910
967,960
968,410
969,268
970,664
971,185
972,500
973,858
974,477
975,680
976,989
977,701
978,529
979,725
980,436
981,958
982,782
983,439
984,115
985,493
986,238
987,762
988,887
989,705
990,95
991,390
992,796
993,480
994,615
995,182
996,861
997,785
998,442
999,800
1000,87
